{"cameraMode":{"drawMode":0,"name":"Shaded","section":"Shading Mode"},"sceneLighting":false,"audioPlay":false,"sceneViewState":{"showFog":true,"showMaterialUpdate":false,"showSkybox":true,"showFlares":true,"showImageEffects":true,"showParticleSystems":true},"in2DMode":false,"pivot":{"x":-8.896499633789063,"y":-2.6689534187316896,"z":-24.009765625},"rotation":{"x":-0.08177053183317185,"y":0.6379550695419312,"z":-0.06840008497238159,"w":-0.762658953666687},"size":16.975135803222658,"orthographic":false}